"Customer Token","Paymethod Token","Counter","First Name","Last Name","Company Name","Address 1","Address 2",City,"State","Zipcode","Phone","Email","Customer ID","Last 4","Cardholder Name","Card Type","Expire Mo","Expire Year"
PzRlk7Cmn0yhsSAOjX_OkQ,xRWrDwzqtUiIPBaIs-Jp_w,1,Joe,Customer,,,,,,,,,CO-000001,1111,"Joseph Dunnigan",visa,02,2026
fa9Fe_DQT0K-NeTwYRJj6g,BPzLKk7p1kGAbkpf7Dwjaw,2,Joe,Customer,,,,,,,,,CO-000002,4444,"Rosaline Walser",mast,07,2026
FeZxTTZa3kumXtZANsPJsQ,90xN6wvaPESJ8m4NEPaMLg,3,Joe,Customer,,,,,,,,,CO-000003,0005,"Jenny Hultgren",amex,05,2026
Tn7C9JMw7U2dbMJvi2Q8TQ,o-9NCZdWFUS37hFIesSBdA,4,Joe,Customer,,,,,,,,,CO-000004,1111,"Micaela Houchins",visa,12,2026
K0BKdW9YpkiYD2ZxQbplZw,wDCWPlAwxUutq6FGe7s7BA,5,Joe,Customer,,,,,,,,,CO-000005,8431,"Leda Cerda",amex,08,2026
Axj3nEQZIkqns2Fc4PqbtQ,14BNHoXSZ0-Og_Z67ulRiQ,6,Joe,Customer,,,,,,,,,CO-000006,1111,"Kourtney Hopton",visa,10,2026
cS0lvyWOcESWjtfdqODcIg,MafBKNysZEa-j3c-tPVeDg,7,Joe,Customer,,,,,,,,,CO-000007,5100,"Laurinda Small",mast,11,2026
ctIONswofECm4c8kuFv9uQ,uhuFB-7Yskqi8J9sJ4br_g,8,Joe,Customer,,,,,,,,,CO-000008,1881,"William Jenkins",visa,04,2026
SGTfb6K7Z0G2owRL4gPmnQ,0kQlmo1a-keQxP-aFtzSWg,9,Joe,Customer,,,,,,,,,CO-000009,1881,"Ron Hollin",visa,07,2026
dOS2KfQWmEiQy3N9uvG0Ww,loy4fDkFVUaomLYMbrhfiw,10,Joe,Customer,,,,,,,,,CO-000010,5100,"Neely Chaleux",mast,12,2026
rfbUENFc30CyeLOU7w3fXQ,6h9lYY9mV0qUeJd5o6thqg,11,Joe,Customer,,,,,,,,,CO-000011,1111,"Joseph Dunnigan",visa,02,2026
